reason_code,uses_on_scams,uses_on_legit,share_of_alerts,n_alerts,fallback_rate,max_codes_per_decision,reportable,run_id
R01,148,626,0.45690672963400236,1694,0.02715466351829988,3,True,3a888efe3099
R02,26,85,0.06552538370720189,1694,0.02715466351829988,3,True,3a888efe3099
R03,46,58,0.06139315230224321,1694,0.02715466351829988,3,True,3a888efe3099
R04,71,78,0.08795749704840614,1694,0.02715466351829988,3,True,3a888efe3099
R05,122,337,0.2709563164108619,1694,0.02715466351829988,3,True,3a888efe3099
R06,43,97,0.08264462809917356,1694,0.02715466351829988,3,True,3a888efe3099
R07,59,169,0.1345926800472255,1694,0.02715466351829988,3,True,3a888efe3099
R08,18,53,0.04191263282172373,1694,0.02715466351829988,3,True,3a888efe3099
R09,164,307,0.2780401416765053,1694,0.02715466351829988,3,True,3a888efe3099
R10,54,174,0.1345926800472255,1694,0.02715466351829988,3,True,3a888efe3099
R11,15,56,0.04191263282172373,1694,0.02715466351829988,3,True,3a888efe3099
R12,27,88,0.0678866587957497,1694,0.02715466351829988,3,True,3a888efe3099
R13,193,787,0.5785123966942148,1694,0.02715466351829988,3,True,3a888efe3099
R14,3,0,0.0017709563164108619,1694,0.02715466351829988,3,True,3a888efe3099
R15,32,5,0.021841794569067298,1694,0.02715466351829988,3,True,3a888efe3099
