iteration_checkpoint,inner_valid_pr_auc,chosen_n_iter,run_id
1,0.5118002742159727,400,3a888efe3099
2,0.5190763686239741,400,3a888efe3099
3,0.546200331820202,400,3a888efe3099
4,0.5711895597454468,400,3a888efe3099
5,0.6002945903713095,400,3a888efe3099
6,0.6118733436464855,400,3a888efe3099
7,0.6250156535698921,400,3a888efe3099
8,0.6320819459738629,400,3a888efe3099
9,0.6375350616987978,400,3a888efe3099
10,0.6436807162643212,400,3a888efe3099
11,0.644756754739977,400,3a888efe3099
12,0.6439149371509834,400,3a888efe3099
13,0.647115445213084,400,3a888efe3099
14,0.6526581831050737,400,3a888efe3099
15,0.657432428673579,400,3a888efe3099
16,0.664937114604212,400,3a888efe3099
17,0.6646337318031302,400,3a888efe3099
18,0.6688078972496944,400,3a888efe3099
19,0.6712435555774556,400,3a888efe3099
20,0.6776773929206137,400,3a888efe3099
21,0.6800098865872687,400,3a888efe3099
22,0.6844925886652942,400,3a888efe3099
23,0.6841064647415053,400,3a888efe3099
24,0.683914475302245,400,3a888efe3099
25,0.6867969210771886,400,3a888efe3099
26,0.6859826702827294,400,3a888efe3099
27,0.6860703236224606,400,3a888efe3099
28,0.6872057165278791,400,3a888efe3099
29,0.6916267220602712,400,3a888efe3099
30,0.6932488164576551,400,3a888efe3099
31,0.6958558398077987,400,3a888efe3099
32,0.6945944509132339,400,3a888efe3099
33,0.6934382394251755,400,3a888efe3099
34,0.6985925853712726,400,3a888efe3099
35,0.6999210264704214,400,3a888efe3099
36,0.7001735347945718,400,3a888efe3099
37,0.7023292920566488,400,3a888efe3099
38,0.705963156894935,400,3a888efe3099
39,0.7089828175958278,400,3a888efe3099
40,0.7103160112493059,400,3a888efe3099
