name,family,window,requires,description,psp,issuer,wallet,causal,run_id
f_amount_log,raw,event,amount_inr,log1p(amount),full,full,full,True,3a888efe3099
f_txn_type,raw,event,txn_type,"0 pay, 1 collect, 2 qr_pay",full,full,full,True,3a888efe3099
f_hour,raw,event,hour,IST hour,full,full,full,True,3a888efe3099
f_dow,raw,event,dow,IST day of week,full,full,full,True,3a888efe3099
f_age_band,raw,profile,user_age_band,payer age band ordinal,full,full,full,True,3a888efe3099
f_literacy,raw,profile,digital_literacy,payer literacy ordinal,full,full,full,True,3a888efe3099
f_tier,raw,profile,home_tier,home city tier,full,full,full,True,3a888efe3099
f_tenure_days,raw,profile,user_tenure_days,payer tenure,full,full,full,True,3a888efe3099
f_balance_band,raw,profile,balance_band,balance band ordinal,none,full,partial,True,3a888efe3099
f_payee_age_days,raw,profile,payee_age_days,payee account age,partial,full,full,True,3a888efe3099
f_payee_prior,raw,all history,user_to_payee_prior_txn_count,prior payments payer->payee,full,full,full,True,3a888efe3099
f_payee_first_time,raw,all history,user_to_payee_prior_txn_count,never paid this payee,full,full,full,True,3a888efe3099
f_payee_unique_payers_24h,raw,24h,payee_inbound_unique_payers_24h,distinct payers into payee,partial,partial,partial,True,3a888efe3099
f_payee_inbound_amt_24h,raw,24h,payee_inbound_amount_24h,INR into payee,partial,partial,partial,True,3a888efe3099
f_payee_complaints,raw,all history,payee_complaint_count,corroborated complaints,full,full,full,True,3a888efe3099
f_payee_verified,raw,profile,payee_is_verified_merchant,verified merchant,full,full,full,True,3a888efe3099
f_payee_name_sim,raw,event,payee_name_similarity_to_known_contact,name mimicry score,full,full,full,True,3a888efe3099
f_device_age_days,raw,profile,device_age_days,device age,full,full,full,True,3a888efe3099
f_new_device,raw,24h,new_device_flag,device bound < 24h ago,full,full,full,True,3a888efe3099
f_sim_change,raw,7d,sim_change_7d,SIM change in 7d,partial,full,full,True,3a888efe3099
f_session_duration,raw,event,session_duration_s,session length,full,full,full,True,3a888efe3099
f_attempts,raw,event,attempts_in_session,attempts in session,full,full,full,True,3a888efe3099
f_collect_age_s,raw,event,collect_request_age_s,collect request age (NaN if not collect),full,full,full,True,3a888efe3099
f_req_known_contact,raw,event,request_source_known_contact,collect from known contact,full,full,full,True,3a888efe3099
f_screen_share,raw,event,screen_share_active,screen share (NaN = unobservable),full,none,full,True,3a888efe3099
f_remote_access,raw,event,remote_access_app_detected,remote-access app (NaN = unobservable),full,none,full,True,3a888efe3099
f_call,raw,event,call_in_progress,call in progress (NaN = no consent),full,none,full,True,3a888efe3099
f_user_txn_count_prior,user,all history,"user_id,ts",payer's prior payments (incl. profile),full,full,full,True,3a888efe3099
f_is_cold_start,user,all history,"user_id,ts",fewer than 5 prior payments,full,full,full,True,3a888efe3099
f_amt_z_user,user,all history,"amount_inr,user_id",z-score of log amount vs payer,full,full,full,True,3a888efe3099
f_amt_ratio_user,user,all history,"amount_inr,user_id",amount / payer's typical,full,full,full,True,3a888efe3099
f_amt_over_user_p99,user,all history,"amount_inr,user_id",above payer's p99 estimate,full,full,full,True,3a888efe3099
f_share_of_balance,user,event,"amount_inr,account_balance_inr",amount / balance,none,full,partial,True,3a888efe3099
f_user_count_1h,user,1h,"user_id,ts",payer payments in 1h,full,full,full,True,3a888efe3099
f_user_count_24h,user,24h,"user_id,ts",payer payments in 24h,full,full,full,True,3a888efe3099
f_user_amount_24h,user,24h,"user_id,amount_inr",payer INR in 24h,full,full,full,True,3a888efe3099
f_user_newpayee_rate,user,all history,"user_id,user_to_payee_prior_txn_count",payer's historical new-payee rate,full,full,full,True,3a888efe3099
f_user_txn_type_share,user,all history,"user_id,txn_type",share of payer's history with this txn_type,full,full,full,True,3a888efe3099
f_hour_dev_user,user,all history,"user_id,hour",circular distance from usual hour,full,full,full,True,3a888efe3099
f_session_ratio_user,user,all history,"user_id,session_duration_s",session length / payer's typical,full,full,full,True,3a888efe3099
f_secs_since_anomaly,sequence,all history,"user_id,new_device_flag,sim_change_7d,screen_share_active,remote_access_app_detected",seconds since payer's last session anomaly,full,full,full,True,3a888efe3099
f_anomaly_then_newpayee,sequence,60m,"user_id,user_to_payee_prior_txn_count",anomaly now or in the last hour AND first-time payee,full,full,full,True,3a888efe3099
f_newpayee_count_1h,sequence,1h,"user_id,user_to_payee_prior_txn_count",first-time payees paid in 1h,full,full,full,True,3a888efe3099
f_newpayee_count_24h,sequence,24h,"user_id,user_to_payee_prior_txn_count",first-time payees paid in 24h,full,full,full,True,3a888efe3099
f_same_payee_count_30m,sequence,30m,"user_id,payee_id",prior payments to this payee in 30m,full,full,full,True,3a888efe3099
f_same_payee_amount_30m,sequence,30m,"user_id,payee_id,amount_inr",prior INR to this payee in 30m,full,full,full,True,3a888efe3099
f_burst_to_new_payee,sequence,30m,"user_id,payee_id,user_to_payee_prior_txn_count",all history with this payee is inside the last 30m (split pattern),full,full,full,True,3a888efe3099
f_burst_amount,sequence,30m,"user_id,payee_id,amount_inr",INR to this payee in the burst incl. now,full,full,full,True,3a888efe3099
f_collect_latency_ratio,sequence,all history,"user_id,collect_request_age_s",collect approval latency / payer's typical,full,full,full,True,3a888efe3099
f_collect_unknown_fast,sequence,event,"collect_request_age_s,request_source_known_contact",collect from unknown source approved within 2 min,full,full,full,True,3a888efe3099
f_inbound_from_new_24h,sequence,24h,"user_id,payee_id",credits from first-time senders to the payer in 24h,partial,full,full,True,3a888efe3099
f_inbound_amt_24h,sequence,24h,"user_id,payee_id,amount_inr",INR received by the payer in 24h,partial,full,full,True,3a888efe3099
f_payee_unique_payers_1h,payee,1h,"payee_id,user_id",distinct payers into payee in 1h,partial,partial,partial,True,3a888efe3099
f_payee_unique_payers_7d,payee,7d,"payee_id,user_id",distinct payers into payee in 7d,partial,partial,partial,True,3a888efe3099
f_payee_inbound_count_7d,payee,7d,payee_id,payments into payee in 7d,partial,partial,partial,True,3a888efe3099
f_payee_new_payer_share_7d,payee,7d,"payee_id,user_to_payee_prior_txn_count",share of payee's 7d inbound from first-time payers,partial,partial,partial,True,3a888efe3099
f_payee_outbound_count_24h,payee,24h,"payee_id,user_id",payee's own payments out in 24h,partial,partial,partial,True,3a888efe3099
f_payee_passthrough_24h,payee,24h,"payee_id,user_id,amount_inr",payee outbound / inbound INR in 24h,partial,partial,partial,True,3a888efe3099
f_payee_activity_age_days,payee,all history,"payee_id,ts",days since payee's first observed inbound payment,partial,partial,partial,True,3a888efe3099
f_g_payee_degree,graph,snapshot,"user_id,payee_id",payee's distinct counterparties,partial,partial,none,True,3a888efe3099
f_g_payee_dist_known_mule,graph,snapshot,"user_id,payee_id","hops to a confirmed mule (0-3, 4 = none), hubs excluded",partial,partial,none,True,3a888efe3099
f_g_payee_mule_neighbors,graph,snapshot,"user_id,payee_id",confirmed mules among payee's counterparties,partial,partial,none,True,3a888efe3099
f_g_payee_device_accounts,graph,snapshot,"user_id,device_id",accounts sharing a handset with the payee,partial,partial,none,True,3a888efe3099
f_g_user_device_accounts,graph,snapshot,"user_id,device_id",other accounts seen on the payer's current handset,full,full,none,True,3a888efe3099
