column,probe,level,auc_raw,direction,auc,gate,passes,n_rows,n_positives,run_id
session_duration_s,value,,0.7301746568473715,higher=attack,0.7301746568473715,0.95,True,395403,2209,3a888efe3099
payee_is_verified_merchant,value,,0.28099869275726486,lower=attack,0.7190013072427351,0.95,True,395403,2209,3a888efe3099
amount_inr,value,,0.7031427890647646,higher=attack,0.7031427890647646,0.95,True,395403,2209,3a888efe3099
user_to_payee_prior_txn_count,value,,0.36125535251199103,lower=attack,0.638744647488009,0.95,True,395403,2209,3a888efe3099
payee_age_days,value,,0.3751886245094046,lower=attack,0.6248113754905954,0.95,True,395403,2209,3a888efe3099
payee_inbound_amount_24h,value,,0.623872712307656,higher=attack,0.623872712307656,0.95,True,395403,2209,3a888efe3099
txn_type,level,qr_pay,0.40121903879894405,lower=attack,0.598780961201056,0.95,True,395403,2209,3a888efe3099
attempts_in_session,value,,0.5971323953483184,higher=attack,0.5971323953483184,0.95,True,395403,2209,3a888efe3099
digital_literacy,level,high,0.4143213775371192,lower=attack,0.5856786224628808,0.95,True,395403,2209,3a888efe3099
txn_type,level,pay,0.5771965044075096,higher=attack,0.5771965044075096,0.95,True,395403,2209,3a888efe3099
digital_literacy,level,low,0.5692894275822449,higher=attack,0.5692894275822449,0.95,True,395403,2209,3a888efe3099
call_in_progress,value,,0.5613943354598595,higher=attack,0.5613943354598595,0.95,True,395403,2209,3a888efe3099
user_age_band,level,26-40,0.45746889377534666,lower=attack,0.5425311062246534,0.95,True,395403,2209,3a888efe3099
user_age_band,level,60+,0.5420122208025047,higher=attack,0.5420122208025047,0.95,True,395403,2209,3a888efe3099
user_age_band,level,41-60,0.5405926969615256,higher=attack,0.5405926969615256,0.95,True,395403,2209,3a888efe3099
user_age_band,level,18-25,0.45992618846062316,lower=attack,0.5400738115393768,0.95,True,395403,2209,3a888efe3099
collect_request_age_s,value,,0.460908304322723,lower=attack,0.539091695677277,0.95,True,395403,2209,3a888efe3099
screen_share_active,value,,0.5293029145781936,higher=attack,0.5293029145781936,0.95,True,395403,2209,3a888efe3099
new_device_flag,value,,0.5266260313991318,higher=attack,0.5266260313991318,0.95,True,395403,2209,3a888efe3099
account_balance_inr,value,,0.5255906737290729,higher=attack,0.5255906737290729,0.95,True,395403,2209,3a888efe3099
remote_access_app_detected,value,,0.5244276106710777,higher=attack,0.5244276106710777,0.95,True,395403,2209,3a888efe3099
request_source_known_contact,value,,0.4755930164423077,lower=attack,0.5244069835576923,0.95,True,395403,2209,3a888efe3099
device_age_days,value,,0.4774866173427515,lower=attack,0.5225133826572486,0.95,True,395403,2209,3a888efe3099
request_source_known_contact,null_pattern,isnull,0.4784155432064537,lower=attack,0.5215844567935464,0.95,True,395403,2209,3a888efe3099
collect_request_age_s,null_pattern,isnull,0.4784155432064537,lower=attack,0.5215844567935464,0.95,True,395403,2209,3a888efe3099
txn_type,level,collect,0.5215844567935464,higher=attack,0.5215844567935464,0.95,True,395403,2209,3a888efe3099
payee_inbound_unique_payers_24h,value,,0.5178380774730846,higher=attack,0.5178380774730846,0.95,True,395403,2209,3a888efe3099
digital_literacy,level,med,0.516389194880636,higher=attack,0.516389194880636,0.95,True,395403,2209,3a888efe3099
balance_band,level,low,0.48382365549185624,lower=attack,0.5161763445081438,0.95,True,395403,2209,3a888efe3099
balance_band,level,mid,0.5158647238121048,higher=attack,0.5158647238121048,0.95,True,395403,2209,3a888efe3099
remote_access_app_detected,null_pattern,isnull,0.5157511555264938,higher=attack,0.5157511555264938,0.95,True,395403,2209,3a888efe3099
screen_share_active,null_pattern,isnull,0.5157511555264938,higher=attack,0.5157511555264938,0.95,True,395403,2209,3a888efe3099
home_tier,value,,0.5143757026254412,higher=attack,0.5143757026254412,0.95,True,395403,2209,3a888efe3099
call_in_progress,null_pattern,isnull,0.5131977926741293,higher=attack,0.5131977926741293,0.95,True,395403,2209,3a888efe3099
payee_complaint_count,value,,0.4892595653339444,lower=attack,0.5107404346660556,0.95,True,395403,2209,3a888efe3099
payee_name_similarity_to_known_contact,value,,0.4926797050271207,lower=attack,0.5073202949728792,0.95,True,395403,2209,3a888efe3099
dow,value,,0.5054283393138415,higher=attack,0.5054283393138415,0.95,True,395403,2209,3a888efe3099
user_tenure_days,value,,0.5052688533652704,higher=attack,0.5052688533652704,0.95,True,395403,2209,3a888efe3099
sim_change_7d,value,,0.5035600629270183,higher=attack,0.5035600629270183,0.95,True,395403,2209,3a888efe3099
hour,value,,0.5033386737631428,higher=attack,0.5033386737631428,0.95,True,395403,2209,3a888efe3099
balance_band,level,high,0.500311620696039,higher=attack,0.500311620696039,0.95,True,395403,2209,3a888efe3099
