column,single_recall_at_fpr,share_of_headline,flag,run_id
session_duration_s,0.10276143051154368,0.12294671150488262,False,3a888efe3099
remote_access_app_detected,0.0552286102308737,0.0660770872405096,False,3a888efe3099
device_age_days,0.05387052965142598,0.06445224083295609,False,3a888efe3099
amount_inr,0.05160706201901313,0.061744163487033564,False,3a888efe3099
attempts_in_session,0.039384336803983705,0.04712054581905194,False,3a888efe3099
screen_share_active,0.03757356269805342,0.04495408394231391,False,3a888efe3099
call_in_progress,0.033046627433227706,0.03953792925046886,False,3a888efe3099
new_device_flag,0.02489814395654142,0.02978885080514777,False,3a888efe3099
collect_request_age_s,0.02444545043005885,0.029247235335963268,False,3a888efe3099
payee_inbound_amount_24h,0.022181982797645994,0.026539157990040745,False,3a888efe3099
hour,0.016749660479855138,0.020039772359826683,False,3a888efe3099
request_source_known_contact,0.015844273426889995,0.01895654142145767,False,3a888efe3099
user_age_band,0.013580805794477138,0.016248464075535148,False,3a888efe3099
account_balance_inr,0.01041195110909914,0.012457155791243615,False,3a888efe3099
digital_literacy,0.01041195110909914,0.012457155791243615,False,3a888efe3099
payee_name_similarity_to_known_contact,0.009959257582616569,0.011915540322059109,False,3a888efe3099
user_tenure_days,0.009506564056133997,0.011373924852874605,False,3a888efe3099
dow,0.007695789950203712,0.009207462976136584,False,3a888efe3099
user_to_payee_prior_txn_count,0.007695789950203712,0.009207462976136584,False,3a888efe3099
balance_band,0.007243096423721141,0.00866584750695208,False,3a888efe3099
sim_change_7d,0.007243096423721141,0.00866584750695208,False,3a888efe3099
payee_is_verified_merchant,0.006790402897238569,0.008124232037767574,False,3a888efe3099
txn_type,0.005432322317790856,0.00649938563021406,False,3a888efe3099
payee_complaint_count,0.004526935264825713,0.005416154691845049,False,3a888efe3099
home_tier,0.004526935264825713,0.005416154691845049,False,3a888efe3099
payee_age_days,0.004526935264825713,0.005416154691845049,False,3a888efe3099
payee_inbound_unique_payers_24h,0.0022634676324128564,0.0027080773459225247,False,3a888efe3099
