group,value_of,value,denominator,fpr_A2plus,fpr_ratio_to_overall,flag_fpr_disparity,run_id
user_age_band,18-25,0.6875,96,0.0017840730929339,0.4630404294496086,False,3a888efe3099
user_age_band,41-60,0.7571428571428571,140,0.0053524896119445,1.3891914509306786,False,3a888efe3099
user_age_band,26-40,0.7681159420289855,138,0.0033327778703549,0.864993089387063,False,3a888efe3099
user_age_band,60+,0.9482758620689656,58,0.0132107983917288,3.4287461567050714,True,3a888efe3099
digital_literacy,high,0.7142857142857143,98,0.0022906285163157,0.594512419981656,False,3a888efe3099
digital_literacy,med,0.7216494845360825,194,0.004189025445733,1.0872245924507935,False,3a888efe3099
digital_literacy,low,0.8785714285714286,140,0.0062026743998711,1.6098494110065489,False,3a888efe3099
home_tier,3,0.7422680412371134,97,0.0035989203239028,0.9340680148896509,False,3a888efe3099
home_tier,2,0.772020725388601,193,0.0037647669739062,0.9771120495452498,False,3a888efe3099
home_tier,1,0.7887323943661971,142,0.0041616091555401,1.08010893623966,False,3a888efe3099
