population,n_rows,fpr_A1plus,fpr_A2plus,fpr_A2plus_ci_low,fpr_A2plus_ci_high,fpr_A3,run_id
benign,61442,0.0127925523257706,0.0020995410305654,0.0017674166476431,0.0024939206960104,3.25510237296963e-05,3a888efe3099
hard_negative_all,3683,0.1314146076568015,0.0328536519142003,0.0275659853301097,0.0391147932079864,0.0008145533532446,3a888efe3099
shape_all,1036,0.0241312741312741,0.0019305019305019,0.0005295729987073,0.0070114408300616,0.0,3a888efe3099
all_legitimate,66183,0.0197482737258812,0.0038529531752867,0.0034088947005874,0.0043546040175133,7.55481014762099e-05,3a888efe3099
archetype:charity_spike,644,0.0108695652173913,0.0,0.0,0.0059296279489228,0.0,3a888efe3099
archetype:contractor_payout,217,0.0506912442396313,0.0046082949308755,0.0008139409183967,0.0256369748285279,0.0,3a888efe3099
archetype:family_screen_share,694,0.154178674351585,0.0403458213256484,0.0280593532514386,0.0576928732239304,0.0014409221902017,3a888efe3099
archetype:large_balance_share,667,0.1454272863568216,0.0344827586206896,0.0230858660133144,0.0512110608765545,0.0,3a888efe3099
archetype:new_merchant_quick_collect,399,0.1152882205513784,0.025062656641604,0.013669404788679,0.0455138254838188,0.0,3a888efe3099
archetype:night_new_payee_new_device,737,0.1275440976933514,0.0284938941655359,0.0187111083495719,0.0431664476037175,0.0,3a888efe3099
archetype:qr_to_new_person,724,0.0939226519337016,0.0193370165745856,0.0115530116123101,0.0321947832334054,0.0013812154696132,3a888efe3099
archetype:reinstall_support_call,683,0.0556368960468521,0.0102489019033674,0.0049732569121991,0.0210028378496515,0.0,3a888efe3099
archetype:split_bill_collect,23,0.2608695652173913,0.0434782608695652,0.0077166661434531,0.2099115507025887,0.0,3a888efe3099
archetype:split_to_new_payee,1572,0.232824427480916,0.0629770992366412,0.0520013772847297,0.0760834993320749,0.0012722646310432,3a888efe3099
archetype:tutor_fee_day,152,0.006578947368421,0.0,0.0,0.024649787352889,0.0,3a888efe3099
