reason_code,uses_on_scams,uses_on_legit,share_of_alerts,fallback_rate,run_id
R01,148,626,0.4569067296340023,0.0271546635182998,3a888efe3099
R02,26,85,0.0655253837072018,0.0271546635182998,3a888efe3099
R03,46,58,0.0613931523022432,0.0271546635182998,3a888efe3099
R04,71,78,0.0879574970484061,0.0271546635182998,3a888efe3099
R05,122,337,0.2709563164108619,0.0271546635182998,3a888efe3099
R06,43,97,0.0826446280991735,0.0271546635182998,3a888efe3099
R07,59,169,0.1345926800472255,0.0271546635182998,3a888efe3099
R08,18,53,0.0419126328217237,0.0271546635182998,3a888efe3099
R09,164,307,0.2780401416765053,0.0271546635182998,3a888efe3099
R10,54,174,0.1345926800472255,0.0271546635182998,3a888efe3099
R11,15,56,0.0419126328217237,0.0271546635182998,3a888efe3099
R12,27,88,0.0678866587957497,0.0271546635182998,3a888efe3099
R13,193,787,0.5785123966942148,0.0271546635182998,3a888efe3099
R14,3,0,0.0017709563164108,0.0271546635182998,3a888efe3099
R15,32,5,0.0218417945690672,0.0271546635182998,3a888efe3099
